As_of_date,As_of_time,Number_of_confirmed_cases,Number_of_ruled_out_cases,Number_of_cases_still_hospitalised_for_investigation,Number_of_cases_fulfilling_the_reporting_criteria,Number_of_death_cases,Number_of_discharge_cases,Number_of_probable_cases,Number_of_hospitalised_cases_in_critical_condition,Number_of_positive_case_NC,Number_of_positive_case_RAT
2020-01-08,12:00,0,21,17,38,0,0,0,,,
2020-01-09,12:00,0,25,23,48,0,0,0,,,
2020-01-10,12:00,0,31,23,54,0,0,0,,,
2020-01-11,12:00,0,46,15,61,0,0,0,,,
2020-01-12,12:00,0,51,16,67,0,0,0,,,
2020-01-13,12:00,0,56,12,68,0,0,0,,,
2020-01-14,12:00,0,60,11,71,0,0,0,,,
2020-01-15,12:00,0,66,10,76,0,0,0,,,
2020-01-16,12:00,0,71,7,78,0,0,0,,,
2020-01-17,12:00,0,75,6,81,0,0,0,,,
2020-01-18,12:00,0,76,14,90,0,0,0,,,
2020-01-19,12:00,0,80,19,99,0,0,0,,,
2020-01-20,12:00,0,81,25,106,0,0,0,,,
2020-01-21,12:00,0,88,30,118,0,0,0,,,
2020-01-22,12:00,0,97,38,135,0,0,0,,,
2020-01-23,12:00,2,109,65,176,0,0,0,,,
2020-01-24,12:00,5,122,117,244,0,0,0,,,
2020-01-25,12:00,5,163,137,305,0,0,0,,,
2020-01-26,12:00,8,219,155,382,0,0,0,,,
2020-01-27,12:00,8,276,167,451,0,0,0,,,
2020-01-28,12:00,8,332,189,529,0,0,0,,,
2020-01-29,12:00,10,416,159,585,0,0,0,,,
2020-01-30,23:59,12,478,191,680,0,0,0,,,
2020-01-31,12:00,13,550,203,766,0,0,0,,,
2020-02-01,23:59,14,634,188,835,0,0,0,,,
2020-02-02,12:00,15,699,168,882,0,0,0,,,
2020-02-03,12:00,15,744,159,918,0,0,0,,,
2020-02-04,23:59,18,808,157,982,1,0,0,,,
2020-02-05,12:00,21,868,154,1043,1,0,0,,,
2020-02-06,23:59,24,920,158,1100,1,0,0,,,
2020-02-07,23:59,26,975,158,1158,1,0,0,,,
2020-02-08,12:00,26,1035,141,1202,1,0,0,,,
2020-02-09,12:00,36,1066,129,1231,1,0,0,,,
2020-02-10,23:59,42,1089,143,1273,1,0,0,,,
2020-02-11,23:59,49,1123,154,1325,1,0,0,,,
2020-02-12,12:00,50,1164,170,1384,1,1,0,,,
2020-02-13,12:00,53,1222,161,1436,1,1,0,,,
2020-02-14,12:00,56,1274,142,1472,1,1,0,,,
2020-02-15,12:00,56,1312,149,1517,1,1,0,,,
2020-02-16,12:00,57,1341,136,1534,1,2,0,,,
2020-02-17,12:00,60,1366,123,1549,1,2,0,,,
2020-02-18,12:00,61,1384,133,1578,1,4,0,,,
2020-02-19,12:00,63,1417,129,1609,2,5,0,,,
2020-02-20,12:00,67,1448,113,1628,2,5,0,,,
2020-02-21,12:00,68,1472,111,1652,2,6,1,,,
2020-02-22,12:00,68,1494,108,1671,2,11,1,,,
2020-02-23,12:00,74,1510,119,1703,2,12,0,,,
2020-02-24,12:00,77,1538,116,1731,2,19,0,,,
2020-02-25,12:00,85,1566,112,1763,2,18,0,,,
2020-02-26,12:00,91,1601,128,1820,2,24,0,,,
2020-02-27,12:00,92,1663,134,1889,2,26,0,,,
2020-02-28,12:00,94,1718,124,1936,2,30,0,,,
2020-02-29,12:00,94,1770,120,1984,2,33,0,,,
2020-03-01,12:00,97,1805,129,2033,2,36,2,,,
2020-03-02,12:00,99,1853,135,2088,2,36,1,,,
2020-03-03,12:00,100,1898,136,2135,2,37,1,,,
2020-03-04,12:00,103,1940,134,2178,2,43,1,,,
2020-03-05,12:00,104,1979,127,2211,2,46,1,,,
2020-03-06,12:00,106,2011,131,2249,2,51,1,,,
2020-03-07,12:00,108,2055,117,2281,2,55,1,,,
2020-03-08,12:00,113,2079,113,2306,3,59,1,,,
2020-03-09,12:00,115,2096,134,2346,3,60,1,,,
2020-03-10,12:00,117,2132,136,2386,3,65,1,,,
2020-03-11,12:00,129,2156,146,2432,3,67,1,,,
2020-03-12,12:00,130,2190,155,2476,3,75,1,,,
2020-03-13,12:00,132,2234,156,2523,4,78,1,,,
2020-03-14,12:00,139,2288,153,2581,4,81,1,,,
2020-03-15,12:00,147,2330,167,2645,4,84,1,,,
2020-03-16,12:00,156,2395,174,2726,4,88,1,,,
2020-03-17,12:00,164,2451,270,2886,4,92,1,,,
2020-03-18,12:00,184,2636,238,3059,4,95,1,,,
2020-03-19,12:00,206,2752,362,3321,4,98,1,,,
2020-03-20,12:00,250,3046,291,3588,4,98,1,,,
2020-03-21,16:00,273,3248,311,3831,4,100,1,,,
2020-03-22,16:00,317,3327,464,4096,4,100,1,,,
2020-03-23,16:00,351,3647,310,4309,4,101,1,,,
2020-03-24,16:00,382,3881,293,4557,4,102,1,,,
2020-03-25,16:00,407,4054,301,4756,4,106,1,,,
2020-03-26,16:00,452,4251,262,4966,4,110,1,,,
2020-03-27,16:00,494,4573,224,5292,4,111,1,,,
2020-03-28,12:00,526,4834,233,5594,4,112,1,,,
2020-03-29,12:00,577,5023,197,5798,4,118,1,,,
2020-03-30,12:00,623,5181,184,5989,4,124,1,,,
2020-03-31,12:00,680,5393,197,6271,4,128,1,,,
2020-04-01,12:00,737,5564,149,6451,4,147,1,,,
2020-04-02,12:00,784,5671,141,6597,4,154,1,,,
2020-04-03,12:00,831,5757,133,6722,4,173,1,,,
2020-04-04,12:00,853,5883,151,6888,4,186,1,,,
2020-04-05,12:00,882,6057,132,7072,4,206,1,,,
2020-04-06,12:00,914,,,,4,216,1,12,,
2020-04-07,12:00,935,,,,4,236,1,14,,
2020-04-08,12:00,960,,,,4,264,1,14,,
2020-04-09,12:00,973,,,,4,293,1,14,,
2020-04-10,12:00,989,,,,4,309,1,15,,
2020-04-11,12:00,1000,,,,4,336,1,14,,
2020-04-12,12:00,1004,,,,4,360,1,13,,
2020-04-13,12:00,1009,,,,4,397,1,13,,
2020-04-14,12:00,1012,,,,4,434,1,13,,
2020-04-15,12:00,1016,,,,4,459,1,10,,
2020-04-16,12:00,1017,,,,4,485,1,9,,
2020-04-17,12:00,1021,,,,4,532,1,9,,
2020-04-18,12:00,1023,,,,4,568,1,9,,
2020-04-19,12:00,1025,,,,4,602,1,8,,
2020-04-20,12:00,1025,,,,4,630,1,8,,
2020-04-21,12:00,1029,,,,4,650,1,8,,
2020-04-22,12:00,1033,,,,4,678,1,8,,
2020-04-23,12:00,1035,,,,4,699,1,9,,
2020-04-24,12:00,1035,,,,4,725,1,7,,
2020-04-25,12:00,1037,,,,4,753,1,4,,
2020-04-26,12:00,1037,,,,4,772,1,4,,
2020-04-27,12:00,1037,,,,4,787,1,4,,
2020-04-28,12:00,1037,,,,4,811,1,4,,
2020-04-29,12:00,1037,,,,4,830,1,4,,
2020-04-30,12:00,1037,,,,4,846,1,4,,
2020-05-01,12:00,1039,,,,4,859,1,4,,
2020-05-02,12:00,1039,,,,4,864,1,4,,
2020-05-03,12:00,1039,,,,4,879,1,3,,
2020-05-04,12:00,1040,,,,4,900,1,1,,
2020-05-05,12:00,1040,,,,4,920,1,1,,
2020-05-06,12:00,1040,,,,4,932,1,2,,
2020-05-07,12:00,1044,,,,4,944,1,1,,
2020-05-08,12:00,1044,,,,4,960,1,1,,
2020-05-09,12:00,1044,,,,4,967,1,1,,
2020-05-10,12:00,1047,,,,4,982,1,1,,
2020-05-11,12:00,1047,,,,4,985,1,1,,
2020-05-12,12:00,1047,,,,4,991,1,1,,
2020-05-13,12:00,1050,,,,4,1008,1,1,,
2020-05-14,12:00,1051,,,,4,1009,1,1,,
2020-05-15,12:00,1052,,,,4,1019,1,1,,
2020-05-16,12:00,1052,,,,4,1022,1,1,,
2020-05-17,12:00,1055,,,,4,1024,1,1,,
2020-05-18,12:00,1055,,,,4,1025,1,1,,
2020-05-19,12:00,1055,,,,4,1025,1,1,,
2020-05-20,12:00,1055,,,,4,1026,1,1,,
2020-05-21,12:00,1063,,,,4,1029,1,1,,
2020-05-22,12:00,1065,,,,4,1029,1,1,,
2020-05-23,12:00,1065,,,,4,1029,1,1,,
2020-05-24,12:00,1065,,,,4,1030,1,1,,
2020-05-25,12:00,1065,,,,4,1030,1,0,,
2020-05-26,12:00,1065,,,,4,1033,1,1,,
2020-05-27,12:00,1066,,,,4,1034,1,1,,
2020-05-28,12:00,1066,,,,4,1035,1,1,,
2020-05-29,12:00,1079,,,,4,1035,1,1,,
2020-05-30,12:00,1082,,,,4,1036,1,1,,
2020-05-31,12:00,1084,,,,4,1037,1,2,,
2020-06-01,12:00,1087,,,,4,1037,1,2,,
2020-06-02,12:00,1093,,,,4,1038,1,2,,
2020-06-03,12:00,1093,,,,4,1039,1,2,,
2020-06-04,12:00,1099,,,,4,1042,1,2,,
2020-06-05,12:00,1102,,,,4,1045,1,2,,
2020-06-06,12:00,1105,,,,4,1048,1,2,,
2020-06-07,12:00,1106,,,,4,1049,1,2,,
2020-06-08,12:00,1107,,,,4,1049,1,3,,
2020-06-09,12:00,1107,,,,4,1050,1,3,,
2020-06-10,12:00,1107,,,,4,1051,1,4,,
2020-06-11,12:00,1107,,,,4,1055,1,4,,
2020-06-12,12:00,1108,,,,4,1060,1,3,,
2020-06-13,12:00,1109,,,,4,1061,1,3,,
2020-06-14,12:00,1109,,,,4,1067,1,3,,
2020-06-15,12:00,1112,,,,4,1067,1,3,,
2020-06-16,12:00,1112,,,,4,1069,1,3,,
2020-06-17,12:00,1120,,,,4,1071,1,3,,
2020-06-18,12:00,1124,,,,4,1072,1,3,,
2020-06-19,12:00,1127,,,,4,1074,1,3,,
2020-06-20,12:00,1128,,,,4,1077,1,3,,
2020-06-21,12:00,1131,,,,5,1078,1,2,,
2020-06-22,12:00,1161,,,,5,1078,1,2,,
2020-06-23,12:00,1177,,,,6,1083,1,1,,
2020-06-24,12:00,1179,,,,6,1086,1,1,,
2020-06-25,12:00,1193,,,,7,1088,1,1,,
2020-06-26,12:00,1196,,,,7,1091,1,1,,
2020-06-27,12:00,1197,,,,7,1095,1,1,,
2020-06-28,12:00,1199,,,,7,1104,1,1,,
2020-06-29,12:00,1203,,,,7,1105,1,1,,
2020-06-30,12:00,1205,,,,7,1107,1,1,,
2020-07-01,12:00,1233,,,,7,1117,1,1,,
2020-07-02,12:00,1242,,,,7,1120,1,1,,
2020-07-03,12:00,1247,,,,7,1125,1,1,,
2020-07-04,12:00,1258,,,,7,1145,1,1,,
2020-07-05,12:00,1268,,,,7,1156,1,1,,
2020-07-06,12:00,1285,,,,7,1157,1,1,,
2020-07-07,12:00,1299,,,,7,1161,1,1,,
2020-07-08,12:00,1323,,,,7,1167,1,1,,
2020-07-09,12:00,1365,,,,7,1176,1,2,,
2020-07-10,12:00,1403,,,,7,1187,1,2,,
2020-07-11,12:00,1431,,,,7,1197,1,2,,
2020-07-12,12:00,1469,,,,7,1214,1,4,,
2020-07-13,12:00,1521,,,,7,1217,1,5,,
2020-07-14,12:00,1569,,,,8,1229,1,6,,
2020-07-15,12:00,1588,,,,8,1241,1,7,,
2020-07-16,12:00,1655,,,,10,1254,1,6,,
2020-07-17,12:00,1713,,,,10,1264,1,8,,
2020-07-18,12:00,1777,,,,12,1274,1,13,,
2020-07-19,12:00,1885,,,,12,1294,1,19,,
2020-07-20,"",1958,,,,12,1301,1,23,,
2020-07-21,"",2018,,,,14,1324,1,29,,
2020-07-22,"",2131,,,,14,1344,1,29,,
2020-07-23,"",2249,,,,15,1379,1,33,,
2020-07-24,"",2372,,,,16,1407,1,34,,
2020-07-25,"",2505,,,,18,1455,1,37,,
2020-07-26,"",2633,,,,18,1495,1,40,,
2020-07-27,"",2778,,,,22,1486,1,38,,
2020-07-28,"",2884,,,,22,1527,1,39,,
2020-07-29,"",3002,,,,24,1591,1,38,,
2020-07-30,"",3151,,,,24,1660,1,39,,
2020-07-31,"",3272,,,,27,1751,1,43,,
2020-08-01,"",3396,,,,31,1858,1,34,,
2020-08-02,"",3511,,,,34,1959,1,34,,
2020-08-03,"",3589,,,,37,2037,1,43,,
2020-08-04,"",3669,,,,41,2141,1,43,,
2020-08-05,"",3754,,,,43,2314,1,44,,
2020-08-06,"",3849,,,,44,2458,1,39,,
2020-08-07,"",3938,,,,46,2620,1,41,,
2020-08-08,"",4007,,,,47,2755,1,45,,
2020-08-09,"",4079,,,,51,2847,1,41,,
2020-08-10,"",4148,,,,54,2917,1,36,,
2020-08-11,"",4181,,,,58,3052,1,32,,
2020-08-12,"",4243,,,,63,3189,1,30,,
2020-08-13,"",4312,,,,65,3295,1,32,,
2020-08-14,"",4360,,,,66,3392,1,30,,
2020-08-15,"",4406,,,,68,3488,1,27,,
2020-08-16,"",4480,,,,69,3549,1,27,,
2020-08-17,"",4524,,,,69,3599,1,29,,
2020-08-18,"",4560,,,,70,3677,1,31,,
2020-08-19,"",4586,,,,72,3779,1,29,,
2020-08-20,"",4604,,,,73,3827,1,31,,
2020-08-21,"",4631,,,,75,3900,1,30,,
2020-08-22,"",4657,,,,76,3974,1,29,,
2020-08-23,"",4682,,,,77,4018,1,26,,
2020-08-24,"",4691,,,,77,4052,1,27,,
2020-08-25,"",4710,,,,77,4108,1,27,,
2020-08-26,"",4734,,,,78,4161,1,27,,
2020-08-27,"",4755,,,,79,4200,1,25,,
2020-08-28,"",4768,,,,84,4249,1,25,,
2020-08-29,"",4786,,,,86,4287,1,23,,
2020-08-30,"",4801,,,,88,4320,1,23,,
2020-08-31,"",4810,,,,89,4342,1,26,,
2020-09-01,"",4822,,,,90,4380,1,25,,
2020-09-02,"",4830,,,,93,4401,1,25,,
2020-09-03,"",4838,,,,94,4431,1,25,,
2020-09-04,"",4850,,,,94,4456,1,26,,
2020-09-05,"",4857,,,,94,4493,1,23,,
2020-09-06,"",4878,,,,95,4511,1,22,,
2020-09-07,"",4889,,,,98,4524,1,20,,
2020-09-08,"",4895,,,,99,4543,1,21,,
2020-09-09,"",4901,,,,99,4557,1,21,,
2020-09-10,"",4913,,,,99,4582,1,21,,
2020-09-11,"",4925,,,,99,4597,1,21,,
2020-09-12,"",4938,,,,100,4613,1,21,,
2020-09-13,"",4957,,,,100,4630,1,21,,
2020-09-14,"",4971,,,,101,4635,1,21,,
2020-09-15,"",4975,,,,101,4646,1,18,,
2020-09-16,"",4984,,,,102,4663,1,16,,
2020-09-17,"",4993,,,,102,4682,1,14,,
2020-09-18,"",4996,,,,103,4696,1,13,,
2020-09-19,"",5009,,,,103,4708,1,13,,
2020-09-20,"",5032,,,,103,4712,1,13,,
2020-09-21,"",5038,,,,103,4717,1,13,,
2020-09-22,"",5046,,,,103,4729,1,13,,
2020-09-23,"",5049,,,,103,4749,1,12,,
2020-09-24,"",5056,,,,104,4758,1,13,,
2020-09-25,"",5058,,,,104,4765,1,12,,
2020-09-26,"",5059,,,,105,4777,1,11,,
2020-09-27,"",5065,,,,105,4786,1,11,,
2020-09-28,"",5075,,,,105,4790,1,11,,
2020-09-29,"",5079,,,,105,4807,1,11,,
2020-09-30,"",5087,,,,105,4827,1,10,,
2020-10-01,"",5097,,,,105,4837,1,10,,
2020-10-02,"",5104,,,,105,4843,1,10,,
2020-10-03,"",5108,,,,105,4849,1,10,,
2020-10-04,"",5113,,,,105,4861,1,10,,
2020-10-05,"",5124,,,,105,4864,1,11,,
2020-10-06,"",5132,,,,105,4875,1,10,,
2020-10-07,"",5143,,,,105,4885,1,10,,
2020-10-08,"",5161,,,,105,4890,1,10,,
2020-10-09,"",5169,,,,105,4906,1,9,,
2020-10-10,"",5175,,,,105,4914,1,8,,
2020-10-11,"",5182,,,,105,4919,1,8,,
2020-10-12,"",5193,,,,105,4921,1,8,,
2020-10-13,"",5201,,,,105,4931,1,10,,
2020-10-14,"",5201,,,,105,4932,1,11,,
2020-10-15,"",5213,,,,105,4943,1,12,,
2020-10-16,"",5220,,,,105,4951,1,12,,
2020-10-17,"",5237,,,,105,4963,1,12,,
2020-10-18,"",5241,,,,105,4973,1,12,,
2020-10-19,"",5256,,,,105,4982,1,12,,
2020-10-20,"",5261,,,,105,4996,1,12,,
2020-10-21,"",5269,,,,105,5004,1,13,,
2020-10-22,"",5280,,,,105,5019,1,13,,
2020-10-23,"",5284,,,,105,5029,1,13,,
2020-10-24,"",5289,,,,105,5041,1,12,,
2020-10-25,"",5295,,,,105,5047,1,12,,
2020-10-26,"",5303,,,,105,5050,1,12,,
2020-10-27,"",5308,,,,105,5053,1,11,,
2020-10-28,"",5310,,,,105,5063,1,10,,
2020-10-29,"",5313,,,,105,5073,1,9,,
2020-10-30,"",5320,,,,105,5082,1,9,,
2020-10-31,"",5323,,,,105,5089,1,9,,
2020-11-01,"",5330,,,,105,5096,1,9,,
2020-11-02,"",5336,,,,105,5102,1,9,,
2020-11-03,"",5345,,,,105,5109,1,9,,
2020-11-04,"",5348,,,,106,5118,1,8,,
2020-11-05,"",5355,,,,106,5126,1,8,,
2020-11-06,"",5361,,,,107,5131,1,8,,
2020-11-07,"",5364,,,,107,5139,1,7,,
2020-11-08,"",5374,,,,107,5144,1,7,,
2020-11-09,"",5380,,,,107,5146,1,7,,
2020-11-10,"",5389,,,,108,5153,1,6,,
2020-11-11,"",5407,,,,108,5159,1,6,,
2020-11-12,"",5430,,,,108,5170,1,6,,
2020-11-13,"",5436,,,,108,5177,1,6,,
2020-11-14,"",5444,,,,108,5187,1,6,,
2020-11-15,"",5458,,,,108,5194,1,7,,
2020-11-16,"",5466,,,,108,5198,1,7,,
2020-11-17,"",5470,,,,108,5212,1,7,,
2020-11-18,"",5479,,,,108,5224,1,8,,
2020-11-19,"",5491,,,,108,5233,1,8,,
2020-11-20,"",5517,,,,108,5239,1,8,,
2020-11-21,"",5560,,,,108,5248,1,8,,
2020-11-22,"",5628,,,,108,5259,1,8,,
2020-11-23,"",5701,,,,108,5267,1,8,,
2020-11-24,"",5781,,,,108,5274,1,7,,
2020-11-25,"",5866,,,,108,5295,1,7,,
2020-11-26,"",5947,,,,108,5300,1,7,,
2020-11-27,"",6039,,,,108,5313,1,6,,
2020-11-28,"",6123,,,,109,5328,1,7,,
2020-11-29,"",6238,,,,109,5340,1,11,,
2020-11-30,"",6314,,,,109,5344,1,11,,
2020-12-01,"",6396,,,,109,5361,1,14,,
2020-12-02,"",6499,,,,110,5394,1,17,,
2020-12-03,"",6589,,,,110,5423,1,21,,
2020-12-04,"",6701,,,,112,5465,1,23,,
2020-12-05,"",6802,,,,112,5511,1,29,,
2020-12-06,"",6897,,,,112,5567,1,31,,
2020-12-07,"",6975,,,,112,5626,1,36,,
2020-12-08,"",7075,,,,112,5696,1,38,,
2020-12-09,"",7179,,,,114,5783,1,39,,
2020-12-10,"",7291,,,,114,5900,1,43,,
2020-12-11,"",7377,,,,114,5996,1,44,,
2020-12-12,"",7446,,,,115,6114,1,49,,
2020-12-13,"",7541,,,,117,6202,1,46,,
2020-12-14,"",7623,,,,120,6266,1,46,,
2020-12-15,"",7721,,,,122,6345,1,50,,
2020-12-16,"",7803,,,,123,6439,1,59,,
2020-12-17,"",7899,,,,125,6534,1,58,,
2020-12-18,"",7969,,,,129,6628,1,61,,
2020-12-19,"",8078,,,,129,6737,1,61,,
2020-12-20,"",8152,,,,129,6837,1,64,,
2020-12-21,"",8237,,,,131,6910,1,63,,
2020-12-22,"",8300,,,,132,6995,1,67,,
2020-12-23,"",8353,,,,133,7112,1,65,,
2020-12-24,"",8424,,,,135,7203,1,61,,
2020-12-25,"",8481,,,,136,7317,1,54,,
2020-12-26,"",8540,,,,136,7394,1,55,,
2020-12-27,"",8610,,,,136,7474,1,55,,
2020-12-28,"",8671,,,,139,7526,1,51,,
2020-12-29,"",8724,,,,143,7616,1,47,,
2020-12-30,"",8778,,,,146,7722,1,50,,
2020-12-31,"",8846,,,,148,7813,1,51,,
2021-01-01,"",8888,,,,149,7912,1,51,,
2021-01-02,"",8923,,,,150,7968,1,49,,
2021-01-03,"",8964,,,,150,8011,1,49,,
2021-01-04,"",9017,,,,151,8055,1,50,,
2021-01-05,"",9049,,,,153,8127,1,48,,
2021-01-06,"",9074,,,,154,8201,1,43,,
2021-01-07,"",9107,,,,154,8258,1,41,,
2021-01-08,"",9152,,,,155,8307,1,42,,
2021-01-09,"",9211,,,,157,8374,1,39,,
2021-01-10,"",9242,,,,158,8423,1,39,,
2021-01-11,"",9283,,,,158,8468,1,39,,
2021-01-12,"",9343,,,,159,8524,1,40,,
2021-01-13,"",9385,,,,161,8584,1,41,,
2021-01-14,"",9414,,,,161,8631,1,42,,
2021-01-15,"",9452,,,,161,8684,1,41,,
2021-01-16,"",9502,,,,162,8724,1,42,,
2021-01-17,"",9557,,,,162,8758,1,42,,
2021-01-18,"",9664,,,,163,8786,1,41,,
2021-01-19,"",9720,,,,164,8828,1,39,,
2021-01-20,"",9797,,,,166,8865,1,39,,
2021-01-21,"",9867,,,,167,8904,1,37,,
2021-01-22,"",9928,,,,167,8949,1,34,,
2021-01-23,"",10009,,,,168,8998,1,38,,
2021-01-24,"",10085,,,,169,9034,1,35,,
2021-01-25,"",10158,,,,171,9056,1,35,,
2021-01-26,"",10222,,,,173,9101,1,34,,
2021-01-27,"",10282,,,,174,9162,1,32,,
2021-01-28,"",10321,,,,177,9239,1,32,,
2021-01-29,"",10371,,,,178,9302,1,30,,
2021-01-30,"",10399,,,,178,9362,1,28,,
2021-01-31,"",10452,,,,181,9423,1,28,,
2021-02-01,"",10486,,,,182,9474,1,28,,
2021-02-02,"",10511,,,,183,9549,1,30,,
2021-02-03,"",10530,,,,185,9633,1,28,,
2021-02-04,"",10552,,,,186,9684,1,26,,
2021-02-05,"",10589,,,,186,9750,1,24,,
2021-02-06,"",10608,,,,186,9828,1,24,,
2021-02-07,"",10635,,,,186,9887,1,23,,
2021-02-08,"",10667,,,,186,9918,1,24,,
2021-02-09,"",10693,,,,187,9976,1,24,,
2021-02-10,"",10710,,,,188,10022,1,22,,
2021-02-11,"",10731,,,,191,10077,1,21,,
2021-02-12,"",10755,,,,192,10136,1,22,,
2021-02-13,"",10767,,,,193,10160,1,21,,
2021-02-14,"",10779,,,,193,10185,1,21,,
2021-02-15,"",10788,,,,193,10207,1,21,,
2021-02-16,"",10796,,,,194,10232,1,22,,
2021-02-17,"",10812,,,,195,10270,1,19,,
2021-02-18,"",10820,,,,197,10298,1,18,,
2021-02-19,"",10833,,,,197,10329,1,18,,
2021-02-20,"",10848,,,,197,10362,1,18,,
2021-02-21,"",10868,,,,197,10389,1,18,,
2021-02-22,"",10884,,,,197,10404,1,18,,
2021-02-23,"",10896,,,,197,10427,1,17,,
2021-02-24,"",10913,,,,197,10461,1,17,,
2021-02-25,"",10926,,,,198,10474,1,18,,
2021-02-26,"",10951,,,,198,10493,1,18,,
2021-02-27,"",10983,,,,198,10519,1,17,,
2021-02-28,"",11005,,,,199,10536,1,17,,
2021-03-01,"",11019,,,,200,10547,1,16,,
2021-03-02,"",11032,,,,200,10563,1,14,,
2021-03-03,"",11046,,,,200,10578,1,13,,
2021-03-04,"",11055,,,,201,10593,1,13,,
2021-03-05,"",11066,,,,201,10604,1,13,,
2021-03-06,"",11074,,,,202,10622,1,12,,
2021-03-07,"",11090,,,,202,10629,1,13,,
2021-03-08,"",11099,,,,202,10636,1,13,,
2021-03-09,"",11120,,,,202,10662,1,14,,
2021-03-10,"",11128,,,,202,10675,1,14,,
2021-03-11,"",11150,,,,203,10695,1,13,,
2021-03-12,"",11210,,,,203,10711,1,13,,
2021-03-13,"",11257,,,,203,10739,1,13,,
2021-03-14,"",11281,,,,203,10755,1,13,,
2021-03-15,"",11311,,,,203,10769,1,13,,
2021-03-16,"",11329,,,,203,10786,1,10,,
2021-03-17,"",11340,,,,203,10809,1,10,,
2021-03-18,"",11350,,,,203,10824,1,10,,
2021-03-19,"",11363,,,,203,10837,1,10,,
2021-03-20,"",11371,,,,203,10863,1,10,,
2021-03-21,"",11379,,,,203,10875,1,10,,
2021-03-22,"",11397,,,,203,10901,1,10,,
2021-03-23,"",11409,,,,203,10936,1,10,,
2021-03-24,"",11419,,,,204,10963,1,10,,
2021-03-25,"",11428,,,,204,10994,1,10,,
2021-03-26,"",11439,,,,205,11023,1,10,,
2021-03-27,"",11445,,,,205,11040,1,10,,
2021-03-28,"",11446,,,,205,11056,1,10,,
2021-03-29,"",11454,,,,205,11075,1,10,,
2021-03-30,"",11461,,,,205,11085,1,9,,
2021-03-31,"",11467,,,,205,11095,1,9,,
2021-04-01,"",11480,,,,205,11108,1,9,,
2021-04-02,"",11499,,,,205,11122,1,9,,
2021-04-03,"",11501,,,,205,11133,1,9,,
2021-04-04,"",11508,,,,205,11139,1,9,,
2021-04-05,"",11524,,,,205,11145,1,6,,
2021-04-06,"",11531,,,,205,11155,1,6,,
2021-04-07,"",11539,,,,205,11163,1,9,,
2021-04-08,"",11549,,,,205,11174,1,8,,
2021-04-09,"",11563,,,,206,11186,1,7,,
2021-04-10,"",11568,,,,207,11193,1,7,,
2021-04-11,"",11581,,,,207,11206,1,7,,
2021-04-12,"",11594,,,,207,11214,1,7,,
2021-04-13,"",11607,,,,207,11227,1,7,,
2021-04-14,"",11612,,,,209,11237,1,6,,
2021-04-15,"",11618,,,,209,11246,1,6,,
2021-04-16,"",11635,,,,209,11253,1,6,,
2021-04-17,"",11653,,,,209,11258,1,4,,
2021-04-18,"",11683,,,,209,11270,1,4,,
2021-04-19,"",11695,,,,209,11274,1,4,,
2021-04-20,"",11703,,,,209,11287,1,3,,
2021-04-21,"",11704,,,,209,11302,1,3,,
2021-04-22,"",11718,,,,209,11316,1,3,,
2021-04-23,"",11727,,,,209,11325,1,3,,
2021-04-24,"",11730,,,,209,11340,1,3,,
2021-04-25,"",11736,,,,209,11354,1,3,,
2021-04-26,"",11740,,,,209,11363,1,3,,
2021-04-27,"",11748,,,,209,11379,1,3,,
2021-04-28,"",11755,,,,209,11392,1,3,,
2021-04-29,"",11770,,,,209,11404,1,3,,
2021-04-30,"",11774,,,,209,11416,1,3,,
2021-05-01,"",11782,,,,210,11432,1,3,,
2021-05-02,"",11784,,,,210,11445,1,3,,
2021-05-03,"",11786,,,,210,11447,1,3,,
2021-05-04,"",11790,,,,210,11451,1,3,,
2021-05-05,"",11796,,,,210,11462,1,3,,
2021-05-06,"",11798,,,,210,11468,1,3,,
2021-05-07,"",11801,,,,210,11473,1,3,,
2021-05-08,"",11806,,,,210,11486,1,3,,
2021-05-09,"",11807,,,,210,11493,1,3,,
2021-05-10,"",11811,,,,210,11496,1,2,,
2021-05-11,"",11812,,,,210,11503,1,2,,
2021-05-12,"",11814,,,,210,11505,1,2,,
2021-05-13,"",11817,,,,210,11511,1,2,,
2021-05-14,"",11818,,,,210,11516,1,2,,
2021-05-15,"",11821,,,,210,11522,1,2,,
2021-05-16,"",11824,,,,210,11525,1,2,,
2021-05-17,"",11825,,,,210,11531,1,2,,
2021-05-18,"",11826,,,,210,11535,1,2,,
2021-05-19,"",11827,,,,210,11539,1,2,,
2021-05-20,"",11828,,,,210,11542,1,2,,
2021-05-21,"",11829,,,,210,11547,1,2,,
2021-05-22,"",11830,,,,210,11550,1,2,,
2021-05-23,"",11832,,,,210,11553,1,2,,
2021-05-24,"",11833,,,,210,11556,1,1,,
2021-05-25,"",11835,,,,210,11560,1,1,,
2021-05-26,"",11836,,,,210,11561,1,1,,
2021-05-27,"",11836,,,,210,11565,1,1,,
2021-05-28,"",11836,,,,210,11570,1,1,,
2021-05-29,"",11837,,,,210,11571,1,1,,
2021-05-30,"",11837,,,,210,11572,1,1,,
2021-05-31,"",11841,,,,210,11572,1,1,,
2021-06-01,"",11848,,,,210,11574,1,1,,
2021-06-02,"",11848,,,,210,11576,1,1,,
2021-06-03,"",11849,,,,210,11577,1,1,,
2021-06-04,"",11850,,,,210,11579,1,1,,
2021-06-05,"",11851,,,,210,11584,1,1,,
2021-06-06,"",11858,,,,210,11584,1,1,,
2021-06-07,"",11865,,,,210,11584,1,1,,
2021-06-08,"",11868,,,,210,11584,1,1,,
2021-06-09,"",11872,,,,210,11587,1,1,,
2021-06-10,"",11874,,,,210,11590,1,1,,
2021-06-11,"",11874,,,,210,11593,1,1,,
2021-06-12,"",11877,,,,210,11595,1,1,,
2021-06-13,"",11877,,,,210,11598,1,1,,
2021-06-14,"",11878,,,,210,11600,1,1,,
2021-06-15,"",11880,,,,210,11600,1,1,,
2021-06-16,"",11881,,,,210,11601,1,1,,
2021-06-17,"",11881,,,,210,11603,1,1,,
2021-06-18,"",11884,,,,210,11608,1,1,,
2021-06-19,"",11885,,,,210,11612,1,1,,
2021-06-20,"",11886,,,,210,11614,1,1,,
2021-06-21,"",11889,,,,210,11616,1,1,,
2021-06-22,"",11896,,,,210,11618,1,1,,
2021-06-23,"",11898,,,,210,11619,1,1,,
2021-06-24,"",11905,,,,210,11621,1,1,,
2021-06-25,"",11909,,,,211,11621,1,1,,
2021-06-26,"",11911,,,,211,11624,1,1,,
2021-06-27,"",11917,,,,211,11625,1,1,,
2021-06-28,"",11920,,,,211,11626,1,1,,
2021-06-29,"",11921,,,,211,11628,1,1,,
2021-06-30,"",11923,,,,211,11630,1,1,,
2021-07-01,"",11927,,,,211,11631,1,1,,
2021-07-02,"",11938,,,,211,11633,1,1,,
2021-07-03,"",11939,,,,211,11634,1,1,,
2021-07-04,"",11942,,,,211,11637,1,1,,
2021-07-05,"",11943,,,,212,11638,1,0,,
2021-07-06,"",11944,,,,212,11642,1,0,,
2021-07-07,"",11945,,,,212,11643,1,0,,
2021-07-08,"",11948,,,,212,11648,1,0,,
2021-07-09,"",11949,,,,212,11648,1,0,,
2021-07-10,"",11950,,,,212,11652,1,0,,
2021-07-11,"",11951,,,,212,11655,1,0,,
2021-07-12,"",11951,,,,212,11662,1,0,,
2021-07-13,"",11952,,,,212,11665,1,0,,
2021-07-14,"",11955,,,,212,11669,1,0,,
2021-07-15,"",11955,,,,212,11675,1,0,,
2021-07-16,"",11956,,,,212,11677,1,0,,
2021-07-17,"",11956,,,,212,11682,1,0,,
2021-07-18,"",11958,,,,212,11682,1,0,,
2021-07-19,"",11958,,,,212,11686,1,0,,
2021-07-20,"",11965,,,,212,11688,1,0,,
2021-07-21,"",11970,,,,212,11688,1,0,,
2021-07-22,"",11971,,,,212,11690,1,0,,
2021-07-23,"",11973,,,,212,11693,1,0,,
2021-07-24,"",11975,,,,212,11696,1,1,,
2021-07-25,"",11978,,,,212,11698,1,1,,
2021-07-26,"",11978,,,,212,11701,1,1,,
2021-07-27,"",11979,,,,212,11705,1,1,,
2021-07-28,"",11980,,,,212,11707,1,0,,
2021-07-29,"",11982,,,,212,11709,1,0,,
2021-07-30,"",11984,,,,212,11712,1,0,,
2021-07-31,"",11984,,,,212,11713,1,0,,
2021-08-01,"",11987,,,,212,11715,1,0,,
2021-08-02,"",11990,,,,212,11715,1,0,,
2021-08-03,"",11994,,,,212,11719,1,0,,
2021-08-04,"",11996,,,,212,11721,1,0,,
2021-08-05,"",12002,,,,212,11721,1,0,,
2021-08-06,"",12004,,,,212,11724,1,0,,
2021-08-07,"",12011,,,,212,11725,1,0,,
2021-08-08,"",12013,,,,212,11725,1,0,,
2021-08-09,"",12015,,,,212,11725,1,0,,
2021-08-10,"",12019,,,,212,11728,1,0,,
2021-08-11,"",12020,,,,212,11731,1,0,,
2021-08-12,"",12025,,,,212,11733,1,0,,
2021-08-13,"",12030,,,,212,11736,1,0,,
2021-08-14,"",12032,,,,212,11740,1,0,,
2021-08-15,"",12033,,,,212,11748,1,0,,
2021-08-16,"",12036,,,,212,11750,1,0,,
2021-08-17,"",12039,,,,212,11753,1,0,,
2021-08-18,"",12042,,,,212,11755,1,0,,
2021-08-19,"",12047,,,,212,11759,1,0,,
2021-08-20,"",12049,,,,212,11761,1,0,,
2021-08-21,"",12052,,,,212,11762,1,0,,
2021-08-22,"",12057,,,,212,11766,1,0,,
2021-08-23,"",12062,,,,212,11766,1,0,,
2021-08-24,"",12069,,,,212,11768,1,0,,
2021-08-25,"",12074,,,,212,11772,1,0,,
2021-08-26,"",12077,,,,212,11777,1,0,,
2021-08-27,"",12094,,,,212,11779,1,0,,
2021-08-28,"",12100,,,,212,11782,1,0,,
2021-08-29,"",12107,,,,212,11783,1,0,,
2021-08-30,"",12110,,,,212,11786,1,0,,
2021-08-31,"",12112,,,,212,11791,1,0,,
2021-09-01,"",12113,,,,212,11798,1,0,,
2021-09-02,"",12113,,,,212,11799,1,0,,
2021-09-03,"",12112,,,,212,11798,1,0,,
2021-09-04,"",12113,,,,212,11802,1,0,,
2021-09-05,"",12121,,,,212,11814,1,0,,
2021-09-06,"",12123,,,,212,11821,1,0,,
2021-09-07,"",12129,,,,212,11825,1,0,,
2021-09-08,"",12131,,,,212,11831,1,0,,
2021-09-09,"",12133,,,,212,11834,1,0,,
2021-09-10,"",12138,,,,212,11838,1,0,,
2021-09-11,"",12142,,,,212,11841,1,0,,
2021-09-12,"",12145,,,,212,11846,1,0,,
2021-09-13,"",12146,,,,213,11850,1,0,,
2021-09-14,"",12148,,,,213,11854,1,0,,
2021-09-15,"",12149,,,,213,11858,1,0,,
2021-09-16,"",12149,,,,213,11862,1,0,,
2021-09-17,"",12152,,,,213,11867,1,0,,
2021-09-18,"",12157,,,,213,11869,1,0,,
2021-09-19,"",12160,,,,213,11872,1,0,,
2021-09-20,"",12165,,,,213,11874,1,0,,
2021-09-21,"",12166,,,,213,11878,1,0,,
2021-09-22,"",12167,,,,213,11878,1,0,,
2021-09-23,"",12169,,,,213,11887,1,0,,
2021-09-24,"",12176,,,,213,11888,1,0,,
2021-09-25,"",12185,,,,213,11891,1,0,,
2021-09-26,"",12193,,,,213,11892,1,0,,
2021-09-27,"",12196,,,,213,11897,1,0,,
2021-09-28,"",12209,,,,213,11901,1,0,,
2021-09-29,"",12214,,,,213,11905,1,0,,
2021-09-30,"",12217,,,,213,11905,1,0,,
2021-10-01,"",12221,,,,213,11906,1,0,,
2021-10-02,"",12226,,,,213,11909,1,0,,
2021-10-03,"",12226,,,,213,11920,1,0,,
2021-10-04,"",12230,,,,213,11926,1,0,,
2021-10-05,"",12237,,,,213,11931,1,0,,
2021-10-06,"",12243,,,,213,11935,1,0,,
2021-10-07,"",12251,,,,213,11942,1,0,,
2021-10-08,"",12253,,,,213,11945,1,0,,
2021-10-09,"",12230,,,,213,11926,1,0,,
2021-10-10,"",12261,,,,213,11947,1,0,,
2021-10-11,"",12268,,,,213,11953,1,0,,
2021-10-12,"",12272,,,,213,11956,1,0,,
2021-10-13,"",12275,,,,213,11962,1,0,,
2021-10-14,"",12276,,,,213,11971,1,0,,
2021-10-15,"",12285,,,,213,11980,1,0,,
2021-10-16,"",12291,,,,213,11988,1,0,,
2021-10-17,"",12294,,,,213,11992,1,0,,
2021-10-18,"",12299,,,,213,11994,1,0,,
2021-10-19,"",12301,,,,213,11998,1,0,,
2021-10-20,"",12305,,,,213,12003,1,0,,
2021-10-21,"",12311,,,,213,12006,1,0,,
2021-10-22,"",12313,,,,213,12012,1,0,,
2021-10-23,"",12319,,,,213,12016,1,0,,
2021-10-24,"",12323,,,,213,12019,1,0,,
2021-10-25,"",12327,,,,213,12023,1,0,,
2021-10-26,"",12330,,,,213,12029,1,0,,
2021-10-27,"",12335,,,,213,12033,1,0,,
2021-10-28,"",12337,,,,213,12033,1,0,,
2021-10-29,"",12342,,,,213,12033,1,0,,
2021-10-30,"",12345,,,,213,12034,1,0,,
2021-10-31,"",12346,,,,213,12034,1,0,,
2021-11-01,"",12347,,,,213,12034,1,0,,
2021-11-02,"",12349,,,,213,12034,1,0,,
2021-11-03,"",12352,,,,213,12034,1,0,,
2021-11-04,"",12359,,,,213,12035,1,0,,
2021-11-05,"",12360,,,,213,12035,1,0,,
2021-11-06,"",12367,,,,213,12036,1,0,,
2021-11-07,"",12368,,,,213,12036,1,0,,
2021-11-08,"",12368,,,,213,12036,1,0,,
2021-11-09,"",12369,,,,213,12036,1,0,,
2021-11-10,"",12374,,,,213,12036,1,0,,
2021-11-11,"",12377,,,,213,12037,1,0,,
2021-11-12,"",12378,,,,213,12072,1,0,,
2021-11-13,"",12380,,,,213,12087,1,0,,
2021-11-14,"",12381,,,,213,12090,1,0,,
2021-11-15,"",12387,,,,213,12092,1,0,,
2021-11-16,"",12388,,,,213,12099,1,0,,
2021-11-17,"",12391,,,,213,12099,1,0,,
2021-11-18,"",12395,,,,213,12104,1,0,,
2021-11-19,"",12396,,,,213,12106,1,0,,
2021-11-20,"",12399,,,,213,12108,1,0,,
2021-11-21,"",12401,,,,213,12115,1,0,,
2021-11-22,"",12404,,,,213,12119,1,0,,
2021-11-23,"",12410,,,,213,12121,1,0,,
2021-11-24,"",12411,,,,213,12123,1,0,,
2021-11-25,"",12417,,,,213,12125,1,0,,
2021-11-26,"",12421,,,,213,12128,1,0,,
2021-11-27,"",12424,,,,213,12130,1,0,,
2021-11-28,"",12427,,,,213,12133,1,0,,
2021-11-29,"",12430,,,,213,12134,1,0,,
2021-11-30,"",12436,,,,213,12136,1,0,,
2021-12-01,"",12439,,,,213,12140,1,0,,
2021-12-02,"",12445,,,,213,12143,1,0,,
2021-12-03,"",12448,,,,213,12145,1,0,,
2021-12-04,"",12452,,,,213,12148,1,0,,
2021-12-05,"",12461,,,,213,12149,1,1,,
2021-12-06,"",12466,,,,213,12151,1,1,,
2021-12-07,"",12471,,,,213,12153,1,0,,
2021-12-08,"",12471,,,,213,12155,1,0,,
2021-12-09,"",12478,,,,213,12156,1,0,,
2021-12-10,"",12482,,,,213,12159,1,0,,
2021-12-11,"",12483,,,,213,12165,1,0,,
2021-12-12,"",12488,,,,213,12168,1,0,,
2021-12-13,"",12490,,,,213,12173,1,0,,
2021-12-14,"",12495,,,,213,12180,1,0,,
2021-12-15,"",12496,,,,213,12180,1,0,,
2021-12-16,"",12506,,,,213,12180,1,0,,
2021-12-17,"",12513,,,,213,12180,1,0,,
2021-12-18,"",12518,,,,213,12182,1,0,,
2021-12-19,"",12526,,,,213,12184,1,0,,
2021-12-20,"",12533,,,,213,12184,1,0,,
2021-12-21,"",12541,,,,213,12184,1,0,,
2021-12-22,"",12548,,,,213,12184,1,0,,
2021-12-23,"",12550,,,,213,12186,1,0,,
2021-12-24,"",12555,,,,213,12189,1,0,,
2021-12-25,"",12580,,,,213,12189,1,0,,
2021-12-26,"",12589,,,,213,12189,1,0,,
2021-12-27,"",12598,,,,213,12189,1,0,,
2021-12-28,"",12604,,,,213,12189,1,0,,
2021-12-29,"",12618,,,,213,12191,1,0,,
2021-12-30,"",12630,,,,213,12196,1,0,,
2021-12-31,"",12649,,,,213,12206,1,0,,
2022-01-01,"",,,,,213,12209,,0,12667,
2022-01-02,"",,,,,213,12214,,0,12693,
2022-01-03,"",,,,,213,12219,,0,12722,
2022-01-04,"",,,,,213,12228,,0,12761,
2022-01-05,"",,,,,213,12230,,0,12799,
2022-01-06,"",,,,,213,12235,,0,12832,
2022-01-07,"",,,,,213,12235,,0,12865,
2022-01-08,"",,,,,213,12243,,0,12902,
2022-01-09,"",,,,,213,12284,,0,12935,
2022-01-10,"",,,,,213,12296,,0,12959,
2022-01-11,"",,,,,213,12304,,0,12980,
2022-01-12,"",,,,,213,12316,,0,13002,
2022-01-13,"",,,,,213,12327,,0,13016,
2022-01-14,"",,,,,213,12339,,0,13025,
2022-01-15,"",,,,,213,12366,,0,13030,
2022-01-16,"",,,,,213,12393,,0,13041,
2022-01-17,"",,,,,213,12416,,0,13048,
2022-01-18,"",,,,,213,12446,,0,13066,
2022-01-19,"",,,,,213,12474,,0,13082,
2022-01-20,"",,,,,213,12493,,0,13096,
2022-01-21,"",,,,,213,12514,,0,13120,
2022-01-22,"",,,,,213,12541,,0,13146,
2022-01-23,"",,,,,213,12572,,0,13286,
2022-01-24,"",,,,,213,12602,,0,13395,
2022-01-25,"",,,,,213,12623,,0,13519,
2022-01-26,"",,,,,213,12655,,0,13626,
2022-01-27,"",,,,,213,12687,,0,13790,
2022-01-28,"",,,,,213,12710,,0,13905,
2022-01-29,"",,,,,213,12730,,0,14024,
2022-01-30,"",,,,,213,12752,,0,14105,
2022-01-31,"",,,,,213,12780,,0,14197,
2022-02-01,"",,,,,213,12806,,0,14326,
2022-02-02,"",,,,,213,12826,,1,14442,
2022-02-03,"",,,,,213,12880,,1,14584,
2022-02-04,"",,,,,213,12916,,1,14715,
2022-02-05,"",,,,,213,12987,,1,15066,
2022-02-06,"",,,,,213,13125,,1,15408,
2022-02-07,"",,,,,213,13232,,1,16022,
2022-02-08,"",,,,,213,13315,,2,16647,
2022-02-09,"",,,,,215,13436,,2,17808,
2022-02-10,"",,,,,216,13795,,1,18794,
2022-02-11,"",,,,,216,14037,,2,20119,
2022-02-12,"",,,,,219,14183,,3,21633,
2022-02-13,"",,,,,219,,,4,22980,
2022-02-14,"",,,,,221,,,8,25051,
2022-02-15,"",,,,,224,,,8,26670,
2022-02-16,"",,,,,227,,,16,30955,
2022-02-17,"",,,,,238,,,0,37071,
2022-02-18,"",,,,,259,,,16,40700,
2022-02-19,"",,,,,276,,,16,46763,
2022-02-20,"",,,,,288,,,16,52830,
2022-02-21,"",,,,,300,,,16,60363,
2022-02-22,"",,,,,336,,,16,66574,
2022-02-23,"",,,,,385,,,16,75248,
2022-02-24,"",,,,,425,,,16,84046,
2022-02-25,"",,,,,497,,,16,94056,
2022-02-26,"",,,,,577,,,16,138955,29635
2022-02-27,"",,,,,659,,,16,171314,48252
2022-02-28,"",,,,,744,,,16,205780,69964
2022-03-01,"",,,,,990,,,16,238377,93025
2022-03-02,"",,,,,1168,,,16,293730,114013
2022-03-03,"",,,,,1366,,,16,350557,134177
2022-03-04,"",,,,,1554,,,60,403080,154336
2022-03-05,"",,,,,1774,,,61,440609,184390
2022-03-06,"",,,,,2007,,,61,471617,193183
2022-03-07,"",,,,,2287,,,68,496767,204428
2022-03-08,"",,,,,2578,,,69,525242,214704
2022-03-09,"",,,,,2869,,,68,551233,219174
2022-03-10,"",,,,,3150,,,71,575623,226186
2022-03-11,"",,,,,3444,,,76,594511,236679
2022-03-12,"",,,,,3729,,,85,610300,248537
2022-03-13,"",,,,,3993,,,101,623635,267632
2022-03-14,"",,,,,4279,,,104,635675,282500
2022-03-15,"",,,,,4568,,,111,647631,298309
2022-03-16,"",,,,,4847,,,119,662085,313127
2022-03-17,"",,,,,5136,,,119,670713,326149
2022-03-18,"",,,,,5401,,,115,678679,338265
2022-03-19,"",,,,,5650,,,119,686207,347334
2022-03-20,"",,,,,5896,,,115,692083,355607
2022-03-21,"",,,,,6119,,,117,696606,365152
2022-03-22,"",,,,,6364,,,114,700902,375008
2022-03-23,"",,,,,6569,,,103,705152,382998
2022-03-24,"",,,,,6770,,,108,710884,390340
2022-03-25,"",,,,,6962,,,105,715462,396167
2022-03-26,"",,,,,7101,,,105,719346,401124
2022-03-27,"",,,,,7252,,,110,722901,405606
2022-03-28,"",,,,,7420,,,108,726128,410064
2022-03-29,"",,,,,7571,,,97,729292,414496
2022-03-30,"",,,,,7706,,,89,732286,418483
2022-03-31,"",,,,,7825,,,84,735145,422270
2022-04-01,"",,,,,7945,,,79,737888,425350
2022-04-02,"",,,,,8061,,,79,740174,427539
2022-04-03,"",,,,,8172,,,78,742006,429416
2022-04-04,"",,,,,8262,,,75,743595,430965
2022-04-05,"",,,,,8349,,,71,745253,432561
2022-04-06,"",,,,,8460,,,74,746742,433849
2022-04-07,"",,,,,8557,,,75,748110,435125
2022-04-08,"",,,,,8643,,,69,749337,436390
2022-04-09,"",,,,,8705,,,66,750234,438028
2022-04-10,"",,,,,8770,,,62,751122,439061
2022-04-11,"",,,,,8827,,,60,751820,439770
2022-04-12,"",,,,,8886,,,58,752555,440468
2022-04-13,"",,,,,8948,,,54,753289,441006
2022-04-14,"",,,,,9002,,,58,753868,441470
2022-04-15,"",,,,,9069,,,56,754339,441945
2022-04-16,"",,,,,9110,,,52,754788,442290
2022-04-17,"",,,,,9139,,,51,755234,442591
2022-04-18,"",,,,,9159,,,49,755550,442888
2022-04-19,"",,,,,9176,,,50,755870,443168
2022-04-20,"",,,,,9186,,,17,756200,443506
2022-04-21,"",,,,,9212,,,19,756517,443817
2022-04-22,"",,,,,9227,,,19,756807,444101
2022-04-23,"",,,,,9236,,,16,757059,444372
2022-04-24,"",,,,,9249,,,16,757280,444580
2022-04-25,"",,,,,9267,,,16,757522,444769
2022-04-26,"",,,,,9274,58804,,16,757727,444911
2022-04-27,"",,,,,9282,59015,,16,757949,445119
2022-04-28,"",,,,,9287,59173,,11,758155,445326
2022-04-29,"",,,,,9298,59316,,8,758351,445496
2022-04-30,"",,,,,9308,59504,,5,758541,445669
2022-05-01,"",,,,,9313,59661,,5,758660,445850
2022-05-02,"",,,,,9318,59716,,6,758780,446013
2022-05-03,"",,,,,9325,59758,,7,758912,446171
2022-05-04,"",,,,,9328,59864,,7,759024,446372
2022-05-05,"",,,,,9333,59963,,4,759172,446545
2022-05-06,"",,,,,9344,60323,,2,759316,446725
2022-05-07,"",,,,,9344,60483,,2,759431,446888
2022-05-08,"",,,,,9346,60600,,2,759543,447042
2022-05-09,"",,,,,9347,60636,,2,759663,447155
2022-05-10,"",,,,,9352,60718,,4,759801,447290
2022-05-11,"",,,,,9355,60841,,3,759932,447439
2022-05-12,"",,,,,9356,60972,,2,760047,447618
2022-05-13,"",,,,,9359,61067,,0,760173,447790
2022-05-14,"",,,,,9360,61157,,1,760289,447958
2022-05-15,"",,,,,9361,61238,,1,760402,448104
2022-05-16,"",,,,,9361,61277,,2,760515,448225
2022-05-17,"",,,,,9361,61380,,2,760681,448387
2022-05-18,"",,,,,9365,61490,,3,760808,448589
2022-05-19,"",,,,,9366,61602,,4,760924,448764
2022-05-20,"",,,,,9370,61702,,3,761025,448906
2022-05-21,"",,,,,9370,61842,,3,761128,449031
2022-05-22,"",,,,,9370,61899,,3,761222,449174
2022-05-23,"",,,,,9370,61925,,3,761316,449270
2022-05-24,"",,,,,9370,61988,,3,761405,449431
2022-05-25,"",,,,,9372,62061,,2,761509,449578
2022-05-26,"",,,,,9374,62098,,5,761620,449718
2022-05-27,"",,,,,9375,62129,,7,761725,449863
2022-05-28,"",,,,,9376,62163,,5,761841,450017
2022-05-29,"",,,,,9376,62174,,4,761949,450146
2022-05-30,"",,,,,9378,62200,,4,762074,450296
2022-05-31,"",,,,,9378,62255,,5,762188,450511
2022-06-01,"",,,,,9379,62317,,5,762339,450865
2022-06-02,"",,,,,9380,62381,,7,762509,451184
2022-06-03,"",,,,,9382,62437,,6,762708,451484
2022-06-04,"",,,,,9382,62485,,6,762884,451754
2022-06-05,"",,,,,9386,62510,,5,763020,452133
2022-06-06,"",,,,,9386,62526,,6,763231,452465
2022-06-07,"",,,,,9389,62575,,6,763462,452473
2022-06-08,"",,,,,9389,62644,,4,763719,452509
2022-06-09,"",,,,,9390,62691,,3,764051,452791
2022-06-10,"",,,,,9390,62751,,3,764342,453168
2022-06-11,"",,,,,9390,62810,,3,764702,453659
2022-06-12,"",,,,,9390,62861,,3,765066,454109
2022-06-13,"",,,,,9390,62896,,3,765371,454541
2022-06-14,"",,,,,9391,62950,,2,765790,454971
2022-06-15,"",,,,,9392,63002,,4,766319,455489
2022-06-16,"",,,,,9392,63056,,3,766805,456182
2022-06-17,"",,,,,9393,63122,,3,767290,456842
2022-06-18,"",,,,,9393,63191,,3,767819,457589
2022-06-19,"",,,,,9395,63224,,2,768318,458366
2022-06-20,"",,,,,9396,63253,,3,768867,459144
2022-06-21,"",,,,,9396,63312,,2,769394,459815
2022-06-22,"",,,,,9397,63399,,3,770078,460578
2022-06-23,"",,,,,9398,63466,,3,770730,461576
2022-06-24,"",,,,,9398,63527,,2,771444,462722
2022-06-25,"",,,,,9398,63620,,3,772157,463803
2022-06-26,"",,,,,9398,63682,,3,772880,464997
2022-06-27,"",,,,,9398,63734,,3,773610,466140
2022-06-28,"",,,,,9399,63798,,3,774332,467103
2022-06-29,"",,,,,9399,63877,,3,775236,468203
2022-06-30,"",,,,,9401,63964,,3,776182,469615
2022-07-01,"",,,,,9402,64069,,3,777071,471044
2022-07-02,"",,,,,9405,64131,,3,777911,472431
2022-07-03,"",,,,,9405,64171,,2,778454,473716
2022-07-04,"",,,,,9405,64265,,3,778913,475098
2022-07-05,"",,,,,9405,64356,,1,779826,476453
2022-07-06,"",,,,,9406,64471,,2,780965,478129
2022-07-07,"",,,,,9407,64590,,1,782062,480060
2022-07-08,"",,,,,9410,64707,,3,783216,481851
2022-07-09,"",,,,,9410,64819,,4,784488,483574
2022-07-10,"",,,,,9412,64919,,5,785877,485177
2022-07-11,"",,,,,9419,65009,,5,787142,486775
2022-07-12,"",,,,,9420,65117,,5,788445,488241
2022-07-13,"",,,,,9422,65222,,9,790024,489816
2022-07-14,"",,,,,9427,65331,,8,791640,491874
2022-07-15,"",,,,,9432,65450,,7,793189,493899
2022-07-16,"",,,,,9433,65580,,4,794811,496039
2022-07-17,"",,,,,9437,65702,,5,796285,498051
2022-07-18,"",,,,,9440,65794,,4,797687,500085
2022-07-19,"",,,,,9444,65927,,7,799128,501900
2022-07-20,"",,,,,9445,66051,,5,800794,504039
2022-07-21,"",,,,,9448,66187,,5,802577,506631
2022-07-22,"",,,,,9454,66336,,2,804258,509220
2022-07-23,"",,,,,9461,66506,,5,805840,511903
2022-07-24,"",,,,,9469,66625,,3,807572,514421
2022-07-25,"",,,,,9472,66748,,2,809214,516909
2022-07-26,"",,,,,9478,66894,,7,811091,519308
2022-07-27,"",,,,,9488,67090,,8,813057,521850
2022-07-28,"",,,,,9493,67090,,6,815065,524728
2022-07-29,"",,,,,9498,67427,,10,816977,527700
2022-07-30,"",,,,,9502,67573,,9,818703,530657
2022-07-31,"",,,,,9503,67730,,12,820453,533541
2022-08-01,"",,,,,9509,67853,,11,822152,536096
2022-08-02,"",,,,,9520,68002,,6,823801,538570
2022-08-03,"",,,,,9524,68188,,6,825717,541201
2022-08-04,"",,,,,9527,68399,,7,827651,544287
2022-08-05,"",,,,,9531,68618,,8,829251,547115
2022-08-06,"",,,,,9535,68847,,7,830966,550002
2022-08-07,"",,,,,9540,69018,,7,832590,552652
2022-08-08,"",,,,,9547,69145,,7,834224,555058
2022-08-09,"",,,,,9550,69309,,8,835893,557434
2022-08-10,"",,,,,9554,69555,,6,837821,560099
2022-08-11,"",,,,,9555,69755,,7,839290,563006
2022-08-12,"",,,,,9559,69952,,9,840746,565989
2022-08-13,"",,,,,9562,70148,,11,842717,569326
2022-08-14,"",,,,,9565,70301,,10,844446,572576
2022-08-15,"",,,,,9569,70439,,9,846205,575713
2022-08-16,"",,,,,9580,70639,,9,848185,578895
2022-08-17,"",,,,,9584,70870,,10,850525,582312
2022-07-18,"",,,,,9589,71144,,9,852921,585970
